month_year,base_year,sector,cpi_general,cpi_food_cfpi,inflation_general_pct,inflation_food_pct
2026-07,2024=100,Combined,107.95,109.39,4.45,5.52
2026-07,2024=100,Rural,108.34,109.21,4.84,5.79
2026-07,2024=100,Urban,107.45,109.7,3.96,5.05
2026-08,2024=100,Combined,108.74,110.71,4.82,5.95
2026-08,2024=100,Rural,109.27,110.7,5.23,6.13
2026-08,2024=100,Urban,108.07,110.72,4.31,5.64
2023-08,2012=100,Combined,186.2,188.4,6.83,9.94
2023-10,2012=100,Combined,185.0,186.2,4.87,6.61
2023-12,2012=100,Combined,185.7,189.0,5.69,9.53
2024-02,2012=100,Combined,185.3,187.2,5.09,8.66
2024-04,2012=100,Combined,186.7,189.6,4.83,8.7
2024-06,2012=100,Combined,189.2,194.2,5.08,9.36
2024-07,2012=100,Combined,191.9,198.5,3.54,5.42
2024-12,2012=100,Combined,190.5,195.1,5.22,8.4
2025-06,2012=100,Combined,194.1,199.8,4.1,5.15
