fractile_class,survey_round,sector,avg_mpce
0-5%,2022-23,Rural,1373.0
0-5%,2022-23,Urban,2001.0
5-10%,2022-23,Rural,1782.0
5-10%,2022-23,Urban,2607.0
10-20%,2022-23,Rural,2112.0
10-20%,2022-23,Urban,3157.0
20-30%,2022-23,Rural,2454.0
20-30%,2022-23,Urban,3762.0
30-40%,2022-23,Rural,2768.0
30-40%,2022-23,Urban,4348.0
40-50%,2022-23,Rural,3094.0
40-50%,2022-23,Urban,4963.0
50-60%,2022-23,Rural,3455.0
50-60%,2022-23,Urban,5662.0
60-70%,2022-23,Rural,3887.0
60-70%,2022-23,Urban,6524.0
70-80%,2022-23,Rural,4458.0
70-80%,2022-23,Urban,7673.0
80-90%,2022-23,Rural,5356.0
80-90%,2022-23,Urban,9582.0
90-95%,2022-23,Rural,6638.0
90-95%,2022-23,Urban,12399.0
95-100%,2022-23,Rural,10501.0
95-100%,2022-23,Urban,20824.0
0-5%,2023-24,Rural,1677.0
0-5%,2023-24,Urban,2376.0
5-10%,2023-24,Rural,2085.0
5-10%,2023-24,Urban,2980.0
10-20%,2023-24,Rural,2410.0
10-20%,2023-24,Urban,3510.0
20-30%,2023-24,Rural,2740.0
20-30%,2023-24,Urban,4120.0
30-40%,2023-24,Rural,3060.0
30-40%,2023-24,Urban,4730.0
40-50%,2023-24,Rural,3390.0
40-50%,2023-24,Urban,5380.0
50-60%,2023-24,Rural,3760.0
50-60%,2023-24,Urban,6110.0
60-70%,2023-24,Rural,4210.0
60-70%,2023-24,Urban,7030.0
70-80%,2023-24,Rural,4810.0
70-80%,2023-24,Urban,8250.0
80-90%,2023-24,Rural,5760.0
80-90%,2023-24,Urban,10280.0
90-95%,2023-24,Rural,7110.0
90-95%,2023-24,Urban,13240.0
95-100%,2023-24,Rural,10137.0
95-100%,2023-24,Urban,20310.0
