state_name,survey_round,sector,mpce_unimputed,mpce_imputed,welfare_delta,status_unimputed,status_imputed,source_id,table_ref,status,notes
Andhra Pradesh,2022-23,Rural,4870.0,4996.0,126.0,PUBLISHED,PUBLISHED,MoSPI_HCES_2022-23_Report590,Factsheet Statement 8 (unimputed) & Statement 18 (imputed),FULL_PUBLISHED,Verified against Report 590 Factsheet Statements 8 and 18
Andhra Pradesh,2022-23,Urban,6782.0,6877.0,95.0,PUBLISHED,PUBLISHED,MoSPI_HCES_2022-23_Report590,Factsheet Statement 8 (unimputed) & Statement 18 (imputed),FULL_PUBLISHED,Verified against Report 590 Factsheet Statements 8 and 18
Arunachal Pradesh,2022-23,Rural,5276.0,5300.0,24.0,PUBLISHED,PUBLISHED,MoSPI_HCES_2022-23_Report590,Factsheet Statement 8 (unimputed) & Statement 18 (imputed),FULL_PUBLISHED,Verified against Report 590 Factsheet Statements 8 and 18
Arunachal Pradesh,2022-23,Urban,8636.0,8649.0,13.0,PUBLISHED,PUBLISHED,MoSPI_HCES_2022-23_Report590,Factsheet Statement 8 (unimputed) & Statement 18 (imputed),FULL_PUBLISHED,Verified against Report 590 Factsheet Statements 8 and 18
Assam,2022-23,Rural,3432.0,3546.0,114.0,PUBLISHED,PUBLISHED,MoSPI_HCES_2022-23_Report590,Factsheet Statement 8 (unimputed) & Statement 18 (imputed),FULL_PUBLISHED,Verified against Report 590 Factsheet Statements 8 and 18
Assam,2022-23,Urban,6136.0,6210.0,74.0,PUBLISHED,PUBLISHED,MoSPI_HCES_2022-23_Report590,Factsheet Statement 8 (unimputed) & Statement 18 (imputed),FULL_PUBLISHED,Verified against Report 590 Factsheet Statements 8 and 18
Bihar,2022-23,Rural,3384.0,3454.0,70.0,PUBLISHED,PUBLISHED,MoSPI_HCES_2022-23_Report590,Factsheet Statement 8 (unimputed) & Statement 18 (imputed),FULL_PUBLISHED,Verified against Report 590 Factsheet Statements 8 and 18
Bihar,2022-23,Urban,4768.0,4819.0,51.0,PUBLISHED,PUBLISHED,MoSPI_HCES_2022-23_Report590,Factsheet Statement 8 (unimputed) & Statement 18 (imputed),FULL_PUBLISHED,Verified against Report 590 Factsheet Statements 8 and 18
Chhattisgarh,2022-23,Rural,2466.0,2575.0,109.0,PUBLISHED,PUBLISHED,MoSPI_HCES_2022-23_Report590,Factsheet Statement 8 (unimputed) & Statement 18 (imputed),FULL_PUBLISHED,Verified against Report 590 Factsheet Statements 8 and 18
Chhattisgarh,2022-23,Urban,4483.0,4557.0,74.0,PUBLISHED,PUBLISHED,MoSPI_HCES_2022-23_Report590,Factsheet Statement 8 (unimputed) & Statement 18 (imputed),FULL_PUBLISHED,Verified against Report 590 Factsheet Statements 8 and 18
Delhi,2022-23,Rural,6576.0,6595.0,19.0,PUBLISHED,PUBLISHED,MoSPI_HCES_2022-23_Report590,Factsheet Statement 8 (unimputed) & Statement 18 (imputed),FULL_PUBLISHED,Verified against Report 590 Factsheet Statements 8 and 18
Delhi,2022-23,Urban,8217.0,8250.0,33.0,PUBLISHED,PUBLISHED,MoSPI_HCES_2022-23_Report590,Factsheet Statement 8 (unimputed) & Statement 18 (imputed),FULL_PUBLISHED,Verified against Report 590 Factsheet Statements 8 and 18
Goa,2022-23,Rural,7367.0,7388.0,21.0,PUBLISHED,PUBLISHED,MoSPI_HCES_2022-23_Report590,Factsheet Statement 8 (unimputed) & Statement 18 (imputed),FULL_PUBLISHED,Verified against Report 590 Factsheet Statements 8 and 18
Goa,2022-23,Urban,8734.0,8761.0,27.0,PUBLISHED,PUBLISHED,MoSPI_HCES_2022-23_Report590,Factsheet Statement 8 (unimputed) & Statement 18 (imputed),FULL_PUBLISHED,Verified against Report 590 Factsheet Statements 8 and 18
Gujarat,2022-23,Rural,3798.0,3820.0,22.0,PUBLISHED,PUBLISHED,MoSPI_HCES_2022-23_Report590,Factsheet Statement 8 (unimputed) & Statement 18 (imputed),FULL_PUBLISHED,Verified against Report 590 Factsheet Statements 8 and 18
Gujarat,2022-23,Urban,6621.0,6630.0,9.0,PUBLISHED,PUBLISHED,MoSPI_HCES_2022-23_Report590,Factsheet Statement 8 (unimputed) & Statement 18 (imputed),FULL_PUBLISHED,Verified against Report 590 Factsheet Statements 8 and 18
Haryana,2022-23,Rural,4859.0,4912.0,53.0,PUBLISHED,PUBLISHED,MoSPI_HCES_2022-23_Report590,Factsheet Statement 8 (unimputed) & Statement 18 (imputed),FULL_PUBLISHED,Verified against Report 590 Factsheet Statements 8 and 18
Haryana,2022-23,Urban,7911.0,7948.0,37.0,PUBLISHED,PUBLISHED,MoSPI_HCES_2022-23_Report590,Factsheet Statement 8 (unimputed) & Statement 18 (imputed),FULL_PUBLISHED,Verified against Report 590 Factsheet Statements 8 and 18
Himachal Pradesh,2022-23,Rural,5561.0,5573.0,12.0,PUBLISHED,PUBLISHED,MoSPI_HCES_2022-23_Report590,Factsheet Statement 8 (unimputed) & Statement 18 (imputed),FULL_PUBLISHED,Verified against Report 590 Factsheet Statements 8 and 18
Himachal Pradesh,2022-23,Urban,8075.0,8083.0,8.0,PUBLISHED,PUBLISHED,MoSPI_HCES_2022-23_Report590,Factsheet Statement 8 (unimputed) & Statement 18 (imputed),FULL_PUBLISHED,Verified against Report 590 Factsheet Statements 8 and 18
Jharkhand,2022-23,Rural,2763.0,2796.0,33.0,PUBLISHED,PUBLISHED,MoSPI_HCES_2022-23_Report590,Factsheet Statement 8 (unimputed) & Statement 18 (imputed),FULL_PUBLISHED,Verified against Report 590 Factsheet Statements 8 and 18
Jharkhand,2022-23,Urban,4931.0,4946.0,15.0,PUBLISHED,PUBLISHED,MoSPI_HCES_2022-23_Report590,Factsheet Statement 8 (unimputed) & Statement 18 (imputed),FULL_PUBLISHED,Verified against Report 590 Factsheet Statements 8 and 18
Karnataka,2022-23,Rural,4397.0,4578.0,181.0,PUBLISHED,PUBLISHED,MoSPI_HCES_2022-23_Report590,Factsheet Statement 8 (unimputed) & Statement 18 (imputed),FULL_PUBLISHED,Verified against Report 590 Factsheet Statements 8 and 18
Karnataka,2022-23,Urban,7666.0,7781.0,115.0,PUBLISHED,PUBLISHED,MoSPI_HCES_2022-23_Report590,Factsheet Statement 8 (unimputed) & Statement 18 (imputed),FULL_PUBLISHED,Verified against Report 590 Factsheet Statements 8 and 18
Kerala,2022-23,Rural,5924.0,5960.0,36.0,PUBLISHED,PUBLISHED,MoSPI_HCES_2022-23_Report590,Factsheet Statement 8 (unimputed) & Statement 18 (imputed),FULL_PUBLISHED,Verified against Report 590 Factsheet Statements 8 and 18
Kerala,2022-23,Urban,7078.0,7102.0,24.0,PUBLISHED,PUBLISHED,MoSPI_HCES_2022-23_Report590,Factsheet Statement 8 (unimputed) & Statement 18 (imputed),FULL_PUBLISHED,Verified against Report 590 Factsheet Statements 8 and 18
Madhya Pradesh,2022-23,Rural,3113.0,3158.0,45.0,PUBLISHED,PUBLISHED,MoSPI_HCES_2022-23_Report590,Factsheet Statement 8 (unimputed) & Statement 18 (imputed),FULL_PUBLISHED,Verified against Report 590 Factsheet Statements 8 and 18
Madhya Pradesh,2022-23,Urban,4987.0,5011.0,24.0,PUBLISHED,PUBLISHED,MoSPI_HCES_2022-23_Report590,Factsheet Statement 8 (unimputed) & Statement 18 (imputed),FULL_PUBLISHED,Verified against Report 590 Factsheet Statements 8 and 18
Maharashtra,2022-23,Rural,4010.0,4076.0,66.0,PUBLISHED,PUBLISHED,MoSPI_HCES_2022-23_Report590,Factsheet Statement 8 (unimputed) & Statement 18 (imputed),FULL_PUBLISHED,Verified against Report 590 Factsheet Statements 8 and 18
Maharashtra,2022-23,Urban,6657.0,6683.0,26.0,PUBLISHED,PUBLISHED,MoSPI_HCES_2022-23_Report590,Factsheet Statement 8 (unimputed) & Statement 18 (imputed),FULL_PUBLISHED,Verified against Report 590 Factsheet Statements 8 and 18
Manipur,2022-23,Rural,4360.0,4370.0,10.0,PUBLISHED,PUBLISHED,MoSPI_HCES_2022-23_Report590,Factsheet Statement 8 (unimputed) & Statement 18 (imputed),FULL_PUBLISHED,Verified against Report 590 Factsheet Statements 8 and 18
Manipur,2022-23,Urban,4880.0,4902.0,22.0,PUBLISHED,PUBLISHED,MoSPI_HCES_2022-23_Report590,Factsheet Statement 8 (unimputed) & Statement 18 (imputed),FULL_PUBLISHED,Verified against Report 590 Factsheet Statements 8 and 18
Meghalaya,2022-23,Rural,3514.0,3530.0,16.0,PUBLISHED,PUBLISHED,MoSPI_HCES_2022-23_Report590,Factsheet Statement 8 (unimputed) & Statement 18 (imputed),FULL_PUBLISHED,Verified against Report 590 Factsheet Statements 8 and 18
Meghalaya,2022-23,Urban,6433.0,6450.0,17.0,PUBLISHED,PUBLISHED,MoSPI_HCES_2022-23_Report590,Factsheet Statement 8 (unimputed) & Statement 18 (imputed),FULL_PUBLISHED,Verified against Report 590 Factsheet Statements 8 and 18
Mizoram,2022-23,Rural,5224.0,5243.0,19.0,PUBLISHED,PUBLISHED,MoSPI_HCES_2022-23_Report590,Factsheet Statement 8 (unimputed) & Statement 18 (imputed),FULL_PUBLISHED,Verified against Report 590 Factsheet Statements 8 and 18
Mizoram,2022-23,Urban,7655.0,7664.0,9.0,PUBLISHED,PUBLISHED,MoSPI_HCES_2022-23_Report590,Factsheet Statement 8 (unimputed) & Statement 18 (imputed),FULL_PUBLISHED,Verified against Report 590 Factsheet Statements 8 and 18
Nagaland,2022-23,Rural,4393.0,4457.0,64.0,PUBLISHED,PUBLISHED,MoSPI_HCES_2022-23_Report590,Factsheet Statement 8 (unimputed) & Statement 18 (imputed),FULL_PUBLISHED,Verified against Report 590 Factsheet Statements 8 and 18
Nagaland,2022-23,Urban,7098.0,7159.0,61.0,PUBLISHED,PUBLISHED,MoSPI_HCES_2022-23_Report590,Factsheet Statement 8 (unimputed) & Statement 18 (imputed),FULL_PUBLISHED,Verified against Report 590 Factsheet Statements 8 and 18
Odisha,2022-23,Rural,2950.0,2996.0,46.0,PUBLISHED,PUBLISHED,MoSPI_HCES_2022-23_Report590,Factsheet Statement 8 (unimputed) & Statement 18 (imputed),FULL_PUBLISHED,Verified against Report 590 Factsheet Statements 8 and 18
Odisha,2022-23,Urban,5187.0,5223.0,36.0,PUBLISHED,PUBLISHED,MoSPI_HCES_2022-23_Report590,Factsheet Statement 8 (unimputed) & Statement 18 (imputed),FULL_PUBLISHED,Verified against Report 590 Factsheet Statements 8 and 18
Punjab,2022-23,Rural,5315.0,5363.0,48.0,PUBLISHED,PUBLISHED,MoSPI_HCES_2022-23_Report590,Factsheet Statement 8 (unimputed) & Statement 18 (imputed),FULL_PUBLISHED,Verified against Report 590 Factsheet Statements 8 and 18
Punjab,2022-23,Urban,6544.0,6577.0,33.0,PUBLISHED,PUBLISHED,MoSPI_HCES_2022-23_Report590,Factsheet Statement 8 (unimputed) & Statement 18 (imputed),FULL_PUBLISHED,Verified against Report 590 Factsheet Statements 8 and 18
Rajasthan,2022-23,Rural,4263.0,4348.0,85.0,PUBLISHED,PUBLISHED,MoSPI_HCES_2022-23_Report590,Factsheet Statement 8 (unimputed) & Statement 18 (imputed),FULL_PUBLISHED,Verified against Report 590 Factsheet Statements 8 and 18
Rajasthan,2022-23,Urban,5913.0,5970.0,57.0,PUBLISHED,PUBLISHED,MoSPI_HCES_2022-23_Report590,Factsheet Statement 8 (unimputed) & Statement 18 (imputed),FULL_PUBLISHED,Verified against Report 590 Factsheet Statements 8 and 18
Sikkim,2022-23,Rural,7731.0,7787.0,56.0,PUBLISHED,PUBLISHED,MoSPI_HCES_2022-23_Report590,Factsheet Statement 8 (unimputed) & Statement 18 (imputed),FULL_PUBLISHED,Verified against Report 590 Factsheet Statements 8 and 18
Sikkim,2022-23,Urban,12105.0,12125.0,20.0,PUBLISHED,PUBLISHED,MoSPI_HCES_2022-23_Report590,Factsheet Statement 8 (unimputed) & Statement 18 (imputed),FULL_PUBLISHED,Verified against Report 590 Factsheet Statements 8 and 18
Tamil Nadu,2022-23,Rural,5310.0,5457.0,147.0,PUBLISHED,PUBLISHED,MoSPI_HCES_2022-23_Report590,Factsheet Statement 8 (unimputed) & Statement 18 (imputed),FULL_PUBLISHED,Verified against Report 590 Factsheet Statements 8 and 18
Tamil Nadu,2022-23,Urban,7630.0,7742.0,112.0,PUBLISHED,PUBLISHED,MoSPI_HCES_2022-23_Report590,Factsheet Statement 8 (unimputed) & Statement 18 (imputed),FULL_PUBLISHED,Verified against Report 590 Factsheet Statements 8 and 18
Telangana,2022-23,Rural,4802.0,4959.0,157.0,PUBLISHED,PUBLISHED,MoSPI_HCES_2022-23_Report590,Factsheet Statement 8 (unimputed) & Statement 18 (imputed),FULL_PUBLISHED,Verified against Report 590 Factsheet Statements 8 and 18
Telangana,2022-23,Urban,8158.0,8251.0,93.0,PUBLISHED,PUBLISHED,MoSPI_HCES_2022-23_Report590,Factsheet Statement 8 (unimputed) & Statement 18 (imputed),FULL_PUBLISHED,Verified against Report 590 Factsheet Statements 8 and 18
Tripura,2022-23,Rural,5206.0,5301.0,95.0,PUBLISHED,PUBLISHED,MoSPI_HCES_2022-23_Report590,Factsheet Statement 8 (unimputed) & Statement 18 (imputed),FULL_PUBLISHED,Verified against Report 590 Factsheet Statements 8 and 18
Tripura,2022-23,Urban,7405.0,7473.0,68.0,PUBLISHED,PUBLISHED,MoSPI_HCES_2022-23_Report590,Factsheet Statement 8 (unimputed) & Statement 18 (imputed),FULL_PUBLISHED,Verified against Report 590 Factsheet Statements 8 and 18
Uttarakhand,2022-23,Rural,4641.0,4721.0,80.0,PUBLISHED,PUBLISHED,MoSPI_HCES_2022-23_Report590,Factsheet Statement 8 (unimputed) & Statement 18 (imputed),FULL_PUBLISHED,Verified against Report 590 Factsheet Statements 8 and 18
Uttarakhand,2022-23,Urban,7004.0,7034.0,30.0,PUBLISHED,PUBLISHED,MoSPI_HCES_2022-23_Report590,Factsheet Statement 8 (unimputed) & Statement 18 (imputed),FULL_PUBLISHED,Verified against Report 590 Factsheet Statements 8 and 18
Uttar Pradesh,2022-23,Rural,3191.0,3277.0,86.0,PUBLISHED,PUBLISHED,MoSPI_HCES_2022-23_Report590,Factsheet Statement 8 (unimputed) & Statement 18 (imputed),FULL_PUBLISHED,Verified against Report 590 Factsheet Statements 8 and 18
Uttar Pradesh,2022-23,Urban,5040.0,5104.0,64.0,PUBLISHED,PUBLISHED,MoSPI_HCES_2022-23_Report590,Factsheet Statement 8 (unimputed) & Statement 18 (imputed),FULL_PUBLISHED,Verified against Report 590 Factsheet Statements 8 and 18
West Bengal,2022-23,Rural,3239.0,3407.0,168.0,PUBLISHED,PUBLISHED,MoSPI_HCES_2022-23_Report590,Factsheet Statement 8 (unimputed) & Statement 18 (imputed),FULL_PUBLISHED,Verified against Report 590 Factsheet Statements 8 and 18
West Bengal,2022-23,Urban,5267.0,5426.0,159.0,PUBLISHED,PUBLISHED,MoSPI_HCES_2022-23_Report590,Factsheet Statement 8 (unimputed) & Statement 18 (imputed),FULL_PUBLISHED,Verified against Report 590 Factsheet Statements 8 and 18
Andaman & N Islands,2022-23,Rural,7332.0,7332.0,0.0,PUBLISHED,PUBLISHED,MoSPI_HCES_2022-23_Report590,Factsheet Statement 8 (unimputed) & Statement 18 (imputed),FULL_PUBLISHED,Verified against Report 590 Factsheet Statements 8 and 18
Andaman & N Islands,2022-23,Urban,10268.0,10268.0,0.0,PUBLISHED,PUBLISHED,MoSPI_HCES_2022-23_Report590,Factsheet Statement 8 (unimputed) & Statement 18 (imputed),FULL_PUBLISHED,Verified against Report 590 Factsheet Statements 8 and 18
Chandigarh,2022-23,Rural,7467.0,7467.0,0.0,PUBLISHED,PUBLISHED,MoSPI_HCES_2022-23_Report590,Factsheet Statement 8 (unimputed) & Statement 18 (imputed),FULL_PUBLISHED,Verified against Report 590 Factsheet Statements 8 and 18
Chandigarh,2022-23,Urban,12575.0,12577.0,2.0,PUBLISHED,PUBLISHED,MoSPI_HCES_2022-23_Report590,Factsheet Statement 8 (unimputed) & Statement 18 (imputed),FULL_PUBLISHED,Verified against Report 590 Factsheet Statements 8 and 18
Dadra & Nagar Haveli and Daman & Diu,2022-23,Rural,4184.0,4229.0,45.0,PUBLISHED,PUBLISHED,MoSPI_HCES_2022-23_Report590,Factsheet Statement 8 (unimputed) & Statement 18 (imputed),FULL_PUBLISHED,Verified against Report 590 Factsheet Statements 8 and 18
Dadra & Nagar Haveli and Daman & Diu,2022-23,Urban,6298.0,6306.0,8.0,PUBLISHED,PUBLISHED,MoSPI_HCES_2022-23_Report590,Factsheet Statement 8 (unimputed) & Statement 18 (imputed),FULL_PUBLISHED,Verified against Report 590 Factsheet Statements 8 and 18
Jammu & Kashmir,2022-23,Rural,4296.0,4357.0,61.0,PUBLISHED,PUBLISHED,MoSPI_HCES_2022-23_Report590,Factsheet Statement 8 (unimputed) & Statement 18 (imputed),FULL_PUBLISHED,Verified against Report 590 Factsheet Statements 8 and 18
Jammu & Kashmir,2022-23,Urban,6179.0,6200.0,21.0,PUBLISHED,PUBLISHED,MoSPI_HCES_2022-23_Report590,Factsheet Statement 8 (unimputed) & Statement 18 (imputed),FULL_PUBLISHED,Verified against Report 590 Factsheet Statements 8 and 18
Ladakh,2022-23,Rural,4035.0,4062.0,27.0,PUBLISHED,PUBLISHED,MoSPI_HCES_2022-23_Report590,Factsheet Statement 8 (unimputed) & Statement 18 (imputed),FULL_PUBLISHED,Verified against Report 590 Factsheet Statements 8 and 18
Ladakh,2022-23,Urban,6215.0,6227.0,12.0,PUBLISHED,PUBLISHED,MoSPI_HCES_2022-23_Report590,Factsheet Statement 8 (unimputed) & Statement 18 (imputed),FULL_PUBLISHED,Verified against Report 590 Factsheet Statements 8 and 18
Lakshadweep,2022-23,Rural,5895.0,5979.0,84.0,PUBLISHED,PUBLISHED,MoSPI_HCES_2022-23_Report590,Factsheet Statement 8 (unimputed) & Statement 18 (imputed),FULL_PUBLISHED,Verified against Report 590 Factsheet Statements 8 and 18
Lakshadweep,2022-23,Urban,5475.0,5511.0,36.0,PUBLISHED,PUBLISHED,MoSPI_HCES_2022-23_Report590,Factsheet Statement 8 (unimputed) & Statement 18 (imputed),FULL_PUBLISHED,Verified against Report 590 Factsheet Statements 8 and 18
Puducherry,2022-23,Rural,6590.0,6627.0,37.0,PUBLISHED,PUBLISHED,MoSPI_HCES_2022-23_Report590,Factsheet Statement 8 (unimputed) & Statement 18 (imputed),FULL_PUBLISHED,Verified against Report 590 Factsheet Statements 8 and 18
Puducherry,2022-23,Urban,7706.0,7741.0,35.0,PUBLISHED,PUBLISHED,MoSPI_HCES_2022-23_Report590,Factsheet Statement 8 (unimputed) & Statement 18 (imputed),FULL_PUBLISHED,Verified against Report 590 Factsheet Statements 8 and 18
All-India,2022-23,Rural,3773.0,3860.0,87.0,PUBLISHED,PUBLISHED,MoSPI_HCES_2022-23_Report590,Factsheet Statement 8 (unimputed) & Statement 18 (imputed),FULL_PUBLISHED,Verified against Report 590 Factsheet Statements 8 and 18
All-India,2022-23,Urban,6459.0,6521.0,62.0,PUBLISHED,PUBLISHED,MoSPI_HCES_2022-23_Report590,Factsheet Statement 8 (unimputed) & Statement 18 (imputed),FULL_PUBLISHED,Verified against Report 590 Factsheet Statements 8 and 18
Andhra Pradesh,2023-24,Rural,5327.0,5539.0,212.0,PUBLISHED,PUBLISHED,MoSPI_HCES_2023-24_Report592_PIB2247612,"Report 592 Press Note Fig 2 & 3 (unimputed), Fig 8 & 9 (imputed); PRID 2247612 Statement 1 (unimputed)",FULL_PUBLISHED,"PRID 2247612 & Press Note Fig 2,3,8,9"
Andhra Pradesh,2023-24,Urban,7182.0,7341.0,159.0,PUBLISHED,PUBLISHED,MoSPI_HCES_2023-24_Report592_PIB2247612,"Report 592 Press Note Fig 2 & 3 (unimputed), Fig 8 & 9 (imputed); PRID 2247612 Statement 1 (unimputed)",FULL_PUBLISHED,"PRID 2247612 & Press Note Fig 2,3,8,9"
Arunachal Pradesh,2023-24,Rural,5995.0,,,PUBLISHED,UNAVAILABLE,MoSPI_HCES_2023-24_Report592_PIB2247612,PRID 2247612 Statement 1 (unimputed); Imputed officially unpublished in Report 592,PARTIAL_PUBLISHED,PRID 2247612; Imputed not published in Report 592
Arunachal Pradesh,2023-24,Urban,9832.0,,,PUBLISHED,UNAVAILABLE,MoSPI_HCES_2023-24_Report592_PIB2247612,PRID 2247612 Statement 1 (unimputed); Imputed officially unpublished in Report 592,PARTIAL_PUBLISHED,PRID 2247612; Imputed not published in Report 592
Assam,2023-24,Rural,3793.0,3961.0,168.0,PUBLISHED,PUBLISHED,MoSPI_HCES_2023-24_Report592_PIB2247612,"Report 592 Press Note Fig 2 & 3 (unimputed), Fig 8 & 9 (imputed); PRID 2247612 Statement 1 (unimputed)",FULL_PUBLISHED,"PRID 2247612 & Press Note Fig 2,3,8,9"
Assam,2023-24,Urban,6794.0,6913.0,119.0,PUBLISHED,PUBLISHED,MoSPI_HCES_2023-24_Report592_PIB2247612,"Report 592 Press Note Fig 2 & 3 (unimputed), Fig 8 & 9 (imputed); PRID 2247612 Statement 1 (unimputed)",FULL_PUBLISHED,"PRID 2247612 & Press Note Fig 2,3,8,9"
Bihar,2023-24,Rural,3670.0,3788.0,118.0,PUBLISHED,PUBLISHED,MoSPI_HCES_2023-24_Report592_PIB2247612,"Report 592 Press Note Fig 2 & 3 (unimputed), Fig 8 & 9 (imputed); PRID 2247612 Statement 1 (unimputed)",FULL_PUBLISHED,"PRID 2247612 & Press Note Fig 2,3,8,9"
Bihar,2023-24,Urban,5080.0,5165.0,85.0,PUBLISHED,PUBLISHED,MoSPI_HCES_2023-24_Report592_PIB2247612,"Report 592 Press Note Fig 2 & 3 (unimputed), Fig 8 & 9 (imputed); PRID 2247612 Statement 1 (unimputed)",FULL_PUBLISHED,"PRID 2247612 & Press Note Fig 2,3,8,9"
Chhattisgarh,2023-24,Rural,2739.0,2927.0,188.0,PUBLISHED,PUBLISHED,MoSPI_HCES_2023-24_Report592_PIB2247612,"Report 592 Press Note Fig 2 & 3 (unimputed), Fig 8 & 9 (imputed); PRID 2247612 Statement 1 (unimputed)",FULL_PUBLISHED,"PRID 2247612 & Press Note Fig 2,3,8,9 & Page 9"
Chhattisgarh,2023-24,Urban,4927.0,5114.0,187.0,PUBLISHED,PUBLISHED,MoSPI_HCES_2023-24_Report592_PIB2247612,"Report 592 Press Note Fig 2 & 3 (unimputed), Fig 8 & 9 (imputed); PRID 2247612 Statement 1 (unimputed)",FULL_PUBLISHED,"PRID 2247612 & Press Note Fig 2,3,8,9 & Page 9"
Goa,2023-24,Rural,8048.0,,,PUBLISHED,UNAVAILABLE,MoSPI_HCES_2023-24_Report592_PIB2247612,PRID 2247612 Statement 1 (unimputed); Imputed officially unpublished in Report 592,PARTIAL_PUBLISHED,PRID 2247612; Corrected; Imputed not published in Report 592
Goa,2023-24,Urban,9726.0,,,PUBLISHED,UNAVAILABLE,MoSPI_HCES_2023-24_Report592_PIB2247612,PRID 2247612 Statement 1 (unimputed); Imputed officially unpublished in Report 592,PARTIAL_PUBLISHED,PRID 2247612; Corrected; Imputed not published in Report 592
Gujarat,2023-24,Rural,4116.0,4190.0,74.0,PUBLISHED,PUBLISHED,MoSPI_HCES_2023-24_Report592_PIB2247612,"Report 592 Press Note Fig 2 & 3 (unimputed), Fig 8 & 9 (imputed); PRID 2247612 Statement 1 (unimputed)",FULL_PUBLISHED,"PRID 2247612 & Press Note Fig 2,3,8,9"
Gujarat,2023-24,Urban,7175.0,7198.0,23.0,PUBLISHED,PUBLISHED,MoSPI_HCES_2023-24_Report592_PIB2247612,"Report 592 Press Note Fig 2 & 3 (unimputed), Fig 8 & 9 (imputed); PRID 2247612 Statement 1 (unimputed)",FULL_PUBLISHED,"PRID 2247612 & Press Note Fig 2,3,8,9"
Haryana,2023-24,Rural,5377.0,5449.0,72.0,PUBLISHED,PUBLISHED,MoSPI_HCES_2023-24_Report592_PIB2247612,"Report 592 Press Note Fig 2 & 3 (unimputed), Fig 8 & 9 (imputed)",FULL_PUBLISHED,"Press Note Fig 2,3,8,9 (Major state); Corrected"
Haryana,2023-24,Urban,8428.0,8462.0,34.0,PUBLISHED,PUBLISHED,MoSPI_HCES_2023-24_Report592_PIB2247612,"Report 592 Press Note Fig 2 & 3 (unimputed), Fig 8 & 9 (imputed)",FULL_PUBLISHED,"Press Note Fig 2,3,8,9 (Major state); Corrected"
Himachal Pradesh,2023-24,Rural,5825.0,,,PUBLISHED,UNAVAILABLE,MoSPI_HCES_2023-24_Report592_PIB2247612,PRID 2247612 Statement 1 (unimputed); Imputed officially unpublished in Report 592,PARTIAL_PUBLISHED,PRID 2247612; Corrected; Imputed not published in Report 592
Himachal Pradesh,2023-24,Urban,9223.0,,,PUBLISHED,UNAVAILABLE,MoSPI_HCES_2023-24_Report592_PIB2247612,PRID 2247612 Statement 1 (unimputed); Imputed officially unpublished in Report 592,PARTIAL_PUBLISHED,PRID 2247612; Corrected; Imputed not published in Report 592
Jharkhand,2023-24,Rural,2946.0,3056.0,110.0,PUBLISHED,PUBLISHED,MoSPI_HCES_2023-24_Report592_PIB2247612,"Report 592 Press Note Fig 2 & 3 (unimputed), Fig 8 & 9 (imputed); PRID 2247612 Statement 1 (unimputed)",FULL_PUBLISHED,"PRID 2247612 & Press Note Fig 2,3,8,9"
Jharkhand,2023-24,Urban,5393.0,5455.0,62.0,PUBLISHED,PUBLISHED,MoSPI_HCES_2023-24_Report592_PIB2247612,"Report 592 Press Note Fig 2 & 3 (unimputed), Fig 8 & 9 (imputed); PRID 2247612 Statement 1 (unimputed)",FULL_PUBLISHED,"PRID 2247612 & Press Note Fig 2,3,8,9"
Karnataka,2023-24,Rural,4903.0,5068.0,165.0,PUBLISHED,PUBLISHED,MoSPI_HCES_2023-24_Report592_PIB2247612,"Report 592 Press Note Fig 2 & 3 (unimputed), Fig 8 & 9 (imputed); PRID 2247612 Statement 1 (unimputed)",FULL_PUBLISHED,"PRID 2247612 & Press Note Fig 2,3,8,9"
Karnataka,2023-24,Urban,8076.0,8169.0,93.0,PUBLISHED,PUBLISHED,MoSPI_HCES_2023-24_Report592_PIB2247612,"Report 592 Press Note Fig 2 & 3 (unimputed), Fig 8 & 9 (imputed); PRID 2247612 Statement 1 (unimputed)",FULL_PUBLISHED,"PRID 2247612 & Press Note Fig 2,3,8,9"
Kerala,2023-24,Rural,6611.0,6673.0,62.0,PUBLISHED,PUBLISHED,MoSPI_HCES_2023-24_Report592_PIB2247612,"Report 592 Press Note Fig 2 & 3 (unimputed), Fig 8 & 9 (imputed); PRID 2247612 Statement 1 (unimputed)",FULL_PUBLISHED,"PRID 2247612 & Press Note Fig 2,3,8,9"
Kerala,2023-24,Urban,7783.0,7834.0,51.0,PUBLISHED,PUBLISHED,MoSPI_HCES_2023-24_Report592_PIB2247612,"Report 592 Press Note Fig 2 & 3 (unimputed), Fig 8 & 9 (imputed); PRID 2247612 Statement 1 (unimputed)",FULL_PUBLISHED,"PRID 2247612 & Press Note Fig 2,3,8,9"
Madhya Pradesh,2023-24,Rural,3441.0,3522.0,81.0,PUBLISHED,PUBLISHED,MoSPI_HCES_2023-24_Report592_PIB2247612,"Report 592 Press Note Fig 2 & 3 (unimputed), Fig 8 & 9 (imputed); PRID 2247612 Statement 1 (unimputed)",FULL_PUBLISHED,"PRID 2247612 & Press Note Fig 2,3,8,9"
Madhya Pradesh,2023-24,Urban,5538.0,5589.0,51.0,PUBLISHED,PUBLISHED,MoSPI_HCES_2023-24_Report592_PIB2247612,"Report 592 Press Note Fig 2 & 3 (unimputed), Fig 8 & 9 (imputed); PRID 2247612 Statement 1 (unimputed)",FULL_PUBLISHED,"PRID 2247612 & Press Note Fig 2,3,8,9"
Maharashtra,2023-24,Rural,4145.0,4249.0,104.0,PUBLISHED,PUBLISHED,MoSPI_HCES_2023-24_Report592_PIB2247612,"Report 592 Press Note Fig 2 & 3 (unimputed), Fig 8 & 9 (imputed); PRID 2247612 Statement 1 (unimputed)",FULL_PUBLISHED,"PRID 2247612 & Press Note Fig 2,3,8,9"
Maharashtra,2023-24,Urban,7363.0,7415.0,52.0,PUBLISHED,PUBLISHED,MoSPI_HCES_2023-24_Report592_PIB2247612,"Report 592 Press Note Fig 2 & 3 (unimputed), Fig 8 & 9 (imputed); PRID 2247612 Statement 1 (unimputed)",FULL_PUBLISHED,"PRID 2247612 & Press Note Fig 2,3,8,9"
Manipur,2023-24,Rural,4531.0,,,PUBLISHED,UNAVAILABLE,MoSPI_HCES_2023-24_Report592_PIB2247612,PRID 2247612 Statement 1 (unimputed); Imputed officially unpublished in Report 592,PARTIAL_PUBLISHED,PRID 2247612; Imputed not published in Report 592
Manipur,2023-24,Urban,5945.0,,,PUBLISHED,UNAVAILABLE,MoSPI_HCES_2023-24_Report592_PIB2247612,PRID 2247612 Statement 1 (unimputed); Imputed officially unpublished in Report 592,PARTIAL_PUBLISHED,PRID 2247612; Imputed not published in Report 592
Meghalaya,2023-24,Rural,3852.0,,,PUBLISHED,UNAVAILABLE,MoSPI_HCES_2023-24_Report592_PIB2247612,PRID 2247612 Statement 1 (unimputed); Imputed officially unpublished in Report 592,PARTIAL_PUBLISHED,PRID 2247612; Imputed not published in Report 592
Meghalaya,2023-24,Urban,7839.0,,,PUBLISHED,UNAVAILABLE,MoSPI_HCES_2023-24_Report592_PIB2247612,PRID 2247612 Statement 1 (unimputed); Imputed officially unpublished in Report 592,PARTIAL_PUBLISHED,PRID 2247612; Imputed not published in Report 592
Mizoram,2023-24,Rural,5963.0,,,PUBLISHED,UNAVAILABLE,MoSPI_HCES_2023-24_Report592_PIB2247612,PRID 2247612 Statement 1 (unimputed); Imputed officially unpublished in Report 592,PARTIAL_PUBLISHED,PRID 2247612; Imputed not published in Report 592
Mizoram,2023-24,Urban,8709.0,,,PUBLISHED,UNAVAILABLE,MoSPI_HCES_2023-24_Report592_PIB2247612,PRID 2247612 Statement 1 (unimputed); Imputed officially unpublished in Report 592,PARTIAL_PUBLISHED,PRID 2247612; Imputed not published in Report 592
Nagaland,2023-24,Rural,5155.0,,,PUBLISHED,UNAVAILABLE,MoSPI_HCES_2023-24_Report592_PIB2247612,PRID 2247612 Statement 1 (unimputed); Imputed officially unpublished in Report 592,PARTIAL_PUBLISHED,PRID 2247612; Imputed not published in Report 592
Nagaland,2023-24,Urban,8022.0,,,PUBLISHED,UNAVAILABLE,MoSPI_HCES_2023-24_Report592_PIB2247612,PRID 2247612 Statement 1 (unimputed); Imputed officially unpublished in Report 592,PARTIAL_PUBLISHED,PRID 2247612; Imputed not published in Report 592
Odisha,2023-24,Rural,3357.0,3509.0,152.0,PUBLISHED,PUBLISHED,MoSPI_HCES_2023-24_Report592_PIB2247612,"Report 592 Press Note Fig 2 & 3 (unimputed), Fig 8 & 9 (imputed); PRID 2247612 Statement 1 (unimputed)",FULL_PUBLISHED,"PRID 2247612 & Press Note Fig 2,3,8,9"
Odisha,2023-24,Urban,5825.0,5925.0,100.0,PUBLISHED,PUBLISHED,MoSPI_HCES_2023-24_Report592_PIB2247612,"Report 592 Press Note Fig 2 & 3 (unimputed), Fig 8 & 9 (imputed); PRID 2247612 Statement 1 (unimputed)",FULL_PUBLISHED,"PRID 2247612 & Press Note Fig 2,3,8,9"
Punjab,2023-24,Rural,5817.0,5874.0,57.0,PUBLISHED,PUBLISHED,MoSPI_HCES_2023-24_Report592_PIB2247612,"Report 592 Press Note Fig 2 & 3 (unimputed), Fig 8 & 9 (imputed)",FULL_PUBLISHED,"Press Note Fig 2,3,8,9 (Major state)"
Punjab,2023-24,Urban,7359.0,7383.0,24.0,PUBLISHED,PUBLISHED,MoSPI_HCES_2023-24_Report592_PIB2247612,"Report 592 Press Note Fig 2 & 3 (unimputed), Fig 8 & 9 (imputed)",FULL_PUBLISHED,"Press Note Fig 2,3,8,9 (Major state)"
Rajasthan,2023-24,Rural,4510.0,4626.0,116.0,PUBLISHED,PUBLISHED,MoSPI_HCES_2023-24_Report592_PIB2247612,"Report 592 Press Note Fig 2 & 3 (unimputed), Fig 8 & 9 (imputed); PRID 2247612 Statement 1 (unimputed)",FULL_PUBLISHED,"PRID 2247612 & Press Note Fig 2,3,8,9"
Rajasthan,2023-24,Urban,6574.0,6640.0,66.0,PUBLISHED,PUBLISHED,MoSPI_HCES_2023-24_Report592_PIB2247612,"Report 592 Press Note Fig 2 & 3 (unimputed), Fig 8 & 9 (imputed); PRID 2247612 Statement 1 (unimputed)",FULL_PUBLISHED,"PRID 2247612 & Press Note Fig 2,3,8,9"
Sikkim,2023-24,Rural,9377.0,9474.0,97.0,PUBLISHED,PUBLISHED,MoSPI_HCES_2023-24_Report592_PIB2247612,PRID 2247612 Statement 1 (unimputed); Report 592 Press Note Page 9 (imputed),FULL_PUBLISHED,PRID 2247612 (unimputed) & Press Note Page 9 (imputed)
Sikkim,2023-24,Urban,13927.0,13965.0,38.0,PUBLISHED,PUBLISHED,MoSPI_HCES_2023-24_Report592_PIB2247612,PRID 2247612 Statement 1 (unimputed); Report 592 Press Note Page 9 (imputed),FULL_PUBLISHED,PRID 2247612 (unimputed) & Press Note Page 9 (imputed)
Tamil Nadu,2023-24,Rural,5701.0,5872.0,171.0,PUBLISHED,PUBLISHED,MoSPI_HCES_2023-24_Report592_PIB2247612,"Report 592 Press Note Fig 2 & 3 (unimputed), Fig 8 & 9 (imputed); PRID 2247612 Statement 1 (unimputed)",FULL_PUBLISHED,"PRID 2247612 & Press Note Fig 2,3,8,9"
Tamil Nadu,2023-24,Urban,8165.0,8325.0,160.0,PUBLISHED,PUBLISHED,MoSPI_HCES_2023-24_Report592_PIB2247612,"Report 592 Press Note Fig 2 & 3 (unimputed), Fig 8 & 9 (imputed); PRID 2247612 Statement 1 (unimputed)",FULL_PUBLISHED,"PRID 2247612 & Press Note Fig 2,3,8,9"
Telangana,2023-24,Rural,5435.0,5675.0,240.0,PUBLISHED,PUBLISHED,MoSPI_HCES_2023-24_Report592_PIB2247612,"Report 592 Press Note Fig 2 & 3 (unimputed), Fig 8 & 9 (imputed); PRID 2247612 Statement 1 (unimputed)",FULL_PUBLISHED,"PRID 2247612 & Press Note Fig 2,3,8,9"
Telangana,2023-24,Urban,8978.0,9131.0,153.0,PUBLISHED,PUBLISHED,MoSPI_HCES_2023-24_Report592_PIB2247612,"Report 592 Press Note Fig 2 & 3 (unimputed), Fig 8 & 9 (imputed); PRID 2247612 Statement 1 (unimputed)",FULL_PUBLISHED,"PRID 2247612 & Press Note Fig 2,3,8,9"
Tripura,2023-24,Rural,6259.0,,,PUBLISHED,UNAVAILABLE,MoSPI_HCES_2023-24_Report592_PIB2247612,PRID 2247612 Statement 1 (unimputed); Imputed officially unpublished in Report 592,PARTIAL_PUBLISHED,PRID 2247612; Imputed not published in Report 592
Tripura,2023-24,Urban,8034.0,,,PUBLISHED,UNAVAILABLE,MoSPI_HCES_2023-24_Report592_PIB2247612,PRID 2247612 Statement 1 (unimputed); Imputed officially unpublished in Report 592,PARTIAL_PUBLISHED,PRID 2247612; Imputed not published in Report 592
Uttarakhand,2023-24,Rural,5003.0,,,PUBLISHED,UNAVAILABLE,MoSPI_HCES_2023-24_Report592_PIB2247612,PRID 2247612 Statement 1 (unimputed); Imputed officially unpublished in Report 592,PARTIAL_PUBLISHED,PRID 2247612; Corrected; Imputed not published in Report 592
Uttarakhand,2023-24,Urban,7486.0,,,PUBLISHED,UNAVAILABLE,MoSPI_HCES_2023-24_Report592_PIB2247612,PRID 2247612 Statement 1 (unimputed); Imputed officially unpublished in Report 592,PARTIAL_PUBLISHED,PRID 2247612; Corrected; Imputed not published in Report 592
Uttar Pradesh,2023-24,Rural,3481.0,3578.0,97.0,PUBLISHED,PUBLISHED,MoSPI_HCES_2023-24_Report592_PIB2247612,"Report 592 Press Note Fig 2 & 3 (unimputed), Fig 8 & 9 (imputed); PRID 2247612 Statement 1 (unimputed)",FULL_PUBLISHED,"PRID 2247612 & Press Note Fig 2,3,8,9"
Uttar Pradesh,2023-24,Urban,5395.0,5474.0,79.0,PUBLISHED,PUBLISHED,MoSPI_HCES_2023-24_Report592_PIB2247612,"Report 592 Press Note Fig 2 & 3 (unimputed), Fig 8 & 9 (imputed); PRID 2247612 Statement 1 (unimputed)",FULL_PUBLISHED,"PRID 2247612 & Press Note Fig 2,3,8,9"
West Bengal,2023-24,Rural,3620.0,3815.0,195.0,PUBLISHED,PUBLISHED,MoSPI_HCES_2023-24_Report592_PIB2247612,"Report 592 Press Note Fig 2 & 3 (unimputed), Fig 8 & 9 (imputed); PRID 2247612 Statement 1 (unimputed)",FULL_PUBLISHED,"PRID 2247612 & Press Note Fig 2,3,8,9"
West Bengal,2023-24,Urban,5775.0,5903.0,128.0,PUBLISHED,PUBLISHED,MoSPI_HCES_2023-24_Report592_PIB2247612,"Report 592 Press Note Fig 2 & 3 (unimputed), Fig 8 & 9 (imputed); PRID 2247612 Statement 1 (unimputed)",FULL_PUBLISHED,"PRID 2247612 & Press Note Fig 2,3,8,9"
Andaman & N Islands,2023-24,Rural,7771.0,,,PUBLISHED,UNAVAILABLE,MoSPI_HCES_2023-24_Report592_PIB2247612,PRID 2247612 Statement 1 (unimputed); Imputed officially unpublished in Report 592,PARTIAL_PUBLISHED,PRID 2247612; Imputed not published in Report 592
Andaman & N Islands,2023-24,Urban,10453.0,,,PUBLISHED,UNAVAILABLE,MoSPI_HCES_2023-24_Report592_PIB2247612,PRID 2247612 Statement 1 (unimputed); Imputed officially unpublished in Report 592,PARTIAL_PUBLISHED,PRID 2247612; Imputed not published in Report 592
Chandigarh,2023-24,Rural,,8857.0,,UNAVAILABLE,PUBLISHED,MoSPI_HCES_2023-24_Report592_PIB2247612,Report 592 Press Note Page 9 (imputed); Unimputed officially unpublished,PARTIAL_PUBLISHED,Press Note Page 9 (imputed highest UT); Unimputed officially unpublished
Chandigarh,2023-24,Urban,,13425.0,,UNAVAILABLE,PUBLISHED,MoSPI_HCES_2023-24_Report592_PIB2247612,Report 592 Press Note Page 9 (imputed); Unimputed officially unpublished,PARTIAL_PUBLISHED,Press Note Page 9 (imputed highest UT); Unimputed officially unpublished
Dadra & Nagar Haveli and Daman & Diu,2023-24,Rural,4311.0,4450.0,139.0,PUBLISHED,PUBLISHED,MoSPI_HCES_2023-24_Report592_PIB2247612,PRID 2247612 Statement 1 (unimputed); Report 592 Press Note Page 9 (Rural imputed only),FULL_PUBLISHED,PRID 2247612; Corrected; Imputed rural 4450 from Page 9; urban imputed unpublished
Dadra & Nagar Haveli and Daman & Diu,2023-24,Urban,6837.0,,,PUBLISHED,UNAVAILABLE,MoSPI_HCES_2023-24_Report592_PIB2247612,PRID 2247612 Statement 1 (unimputed); Report 592 Press Note Page 9 (Rural imputed only),PARTIAL_PUBLISHED,PRID 2247612; Corrected; Imputed rural 4450 from Page 9; urban imputed unpublished
Jammu & Kashmir,2023-24,Rural,4774.0,,,PUBLISHED,UNAVAILABLE,MoSPI_HCES_2023-24_Report592_PIB2247612,PRID 2247612 Statement 1 (unimputed); Report 592 Press Note Page 9 (Urban imputed only),PARTIAL_PUBLISHED,PRID 2247612; Corrected; Imputed urban 6375 from Page 9; rural imputed unpublished
Jammu & Kashmir,2023-24,Urban,6327.0,6375.0,48.0,PUBLISHED,PUBLISHED,MoSPI_HCES_2023-24_Report592_PIB2247612,PRID 2247612 Statement 1 (unimputed); Report 592 Press Note Page 9 (Urban imputed only),FULL_PUBLISHED,PRID 2247612; Corrected; Imputed urban 6375 from Page 9; rural imputed unpublished
Ladakh,2023-24,Rural,5010.0,,,PUBLISHED,UNAVAILABLE,MoSPI_HCES_2023-24_Report592_PIB2247612,PRID 2247612 Statement 1 (unimputed); Imputed officially unpublished in Report 592,PARTIAL_PUBLISHED,PRID 2247612; Imputed not published in Report 592
Ladakh,2023-24,Urban,7533.0,,,PUBLISHED,UNAVAILABLE,MoSPI_HCES_2023-24_Report592_PIB2247612,PRID 2247612 Statement 1 (unimputed); Imputed officially unpublished in Report 592,PARTIAL_PUBLISHED,PRID 2247612; Imputed not published in Report 592
Lakshadweep,2023-24,Rural,6350.0,,,PUBLISHED,UNAVAILABLE,MoSPI_HCES_2023-24_Report592_PIB2247612,PRID 2247612 Statement 1 (unimputed); Imputed officially unpublished in Report 592,PARTIAL_PUBLISHED,PRID 2247612; Imputed not published in Report 592
Lakshadweep,2023-24,Urban,6377.0,,,PUBLISHED,UNAVAILABLE,MoSPI_HCES_2023-24_Report592_PIB2247612,PRID 2247612 Statement 1 (unimputed); Imputed officially unpublished in Report 592,PARTIAL_PUBLISHED,PRID 2247612; Imputed not published in Report 592
Puducherry,2023-24,Rural,7598.0,,,PUBLISHED,UNAVAILABLE,MoSPI_HCES_2023-24_Report592_PIB2247612,PRID 2247612 Statement 1 (unimputed); Imputed officially unpublished in Report 592,PARTIAL_PUBLISHED,PRID 2247612; Imputed not published in Report 592
Puducherry,2023-24,Urban,8637.0,,,PUBLISHED,UNAVAILABLE,MoSPI_HCES_2023-24_Report592_PIB2247612,PRID 2247612 Statement 1 (unimputed); Imputed officially unpublished in Report 592,PARTIAL_PUBLISHED,PRID 2247612; Imputed not published in Report 592
Delhi,2023-24,Rural,,,,UNAVAILABLE,UNAVAILABLE,MoSPI_HCES_2023-24_Report592_PIB2247612,Officially unpublished in PRID 2247612 and Report 592,OFFICIALLY_UNAVAILABLE,Officially unpublished in PRID 2247612 and Press Note Report 592
Delhi,2023-24,Urban,,,,UNAVAILABLE,UNAVAILABLE,MoSPI_HCES_2023-24_Report592_PIB2247612,Officially unpublished in PRID 2247612 and Report 592,OFFICIALLY_UNAVAILABLE,Officially unpublished in PRID 2247612 and Press Note Report 592
All-India,2023-24,Rural,4122.0,4247.0,125.0,PUBLISHED,PUBLISHED,MoSPI_HCES_2023-24_Report592_PIB2247612,Report 592 Press Note Table 1 (unimputed) & Table 2 (imputed),FULL_PUBLISHED,Press Note Table 1 & Table 2 & PRID 2247612
All-India,2023-24,Urban,6996.0,7078.0,82.0,PUBLISHED,PUBLISHED,MoSPI_HCES_2023-24_Report592_PIB2247612,Report 592 Press Note Table 1 (unimputed) & Table 2 (imputed),FULL_PUBLISHED,Press Note Table 1 & Table 2 & PRID 2247612
