fractile_class,survey_round,sector,avg_mpce,source_id,table_ref
0-5%,2022-23,Rural,1373.0,MoSPI_Report590,Statement 4
0-5%,2022-23,Urban,2001.0,MoSPI_Report590,Statement 4
0-5%,2023-24,Rural,1677.0,MoSPI_Report592,Figure 1 & Fractile Table
0-5%,2023-24,Urban,2376.0,MoSPI_Report592,Figure 1 & Fractile Table
5-10%,2022-23,Rural,1782.0,MoSPI_Report590,Statement 4
5-10%,2022-23,Urban,2607.0,MoSPI_Report590,Statement 4
5-10%,2023-24,Rural,2085.0,MoSPI_Report592,Figure 1 & Fractile Table
5-10%,2023-24,Urban,2980.0,MoSPI_Report592,Figure 1 & Fractile Table
10-20%,2022-23,Rural,2112.0,MoSPI_Report590,Statement 4
10-20%,2022-23,Urban,3157.0,MoSPI_Report590,Statement 4
10-20%,2023-24,Rural,2410.0,MoSPI_Report592,Figure 1 & Fractile Table
10-20%,2023-24,Urban,3510.0,MoSPI_Report592,Figure 1 & Fractile Table
20-30%,2022-23,Rural,2454.0,MoSPI_Report590,Statement 4
20-30%,2022-23,Urban,3762.0,MoSPI_Report590,Statement 4
20-30%,2023-24,Rural,2740.0,MoSPI_Report592,Figure 1 & Fractile Table
20-30%,2023-24,Urban,4120.0,MoSPI_Report592,Figure 1 & Fractile Table
30-40%,2022-23,Rural,2768.0,MoSPI_Report590,Statement 4
30-40%,2022-23,Urban,4348.0,MoSPI_Report590,Statement 4
30-40%,2023-24,Rural,3060.0,MoSPI_Report592,Figure 1 & Fractile Table
30-40%,2023-24,Urban,4730.0,MoSPI_Report592,Figure 1 & Fractile Table
40-50%,2022-23,Rural,3094.0,MoSPI_Report590,Statement 4
40-50%,2022-23,Urban,4963.0,MoSPI_Report590,Statement 4
40-50%,2023-24,Rural,3390.0,MoSPI_Report592,Figure 1 & Fractile Table
40-50%,2023-24,Urban,5380.0,MoSPI_Report592,Figure 1 & Fractile Table
50-60%,2022-23,Rural,3455.0,MoSPI_Report590,Statement 4
50-60%,2022-23,Urban,5662.0,MoSPI_Report590,Statement 4
50-60%,2023-24,Rural,3760.0,MoSPI_Report592,Figure 1 & Fractile Table
50-60%,2023-24,Urban,6110.0,MoSPI_Report592,Figure 1 & Fractile Table
60-70%,2022-23,Rural,3887.0,MoSPI_Report590,Statement 4
60-70%,2022-23,Urban,6524.0,MoSPI_Report590,Statement 4
60-70%,2023-24,Rural,4210.0,MoSPI_Report592,Figure 1 & Fractile Table
60-70%,2023-24,Urban,7030.0,MoSPI_Report592,Figure 1 & Fractile Table
70-80%,2022-23,Rural,4458.0,MoSPI_Report590,Statement 4
70-80%,2022-23,Urban,7673.0,MoSPI_Report590,Statement 4
70-80%,2023-24,Rural,4810.0,MoSPI_Report592,Figure 1 & Fractile Table
70-80%,2023-24,Urban,8250.0,MoSPI_Report592,Figure 1 & Fractile Table
80-90%,2022-23,Rural,5356.0,MoSPI_Report590,Statement 4
80-90%,2022-23,Urban,9582.0,MoSPI_Report590,Statement 4
80-90%,2023-24,Rural,5760.0,MoSPI_Report592,Figure 1 & Fractile Table
80-90%,2023-24,Urban,10280.0,MoSPI_Report592,Figure 1 & Fractile Table
90-95%,2022-23,Rural,6638.0,MoSPI_Report590,Statement 4
90-95%,2022-23,Urban,12399.0,MoSPI_Report590,Statement 4
90-95%,2023-24,Rural,7110.0,MoSPI_Report592,Figure 1 & Fractile Table
90-95%,2023-24,Urban,13240.0,MoSPI_Report592,Figure 1 & Fractile Table
95-100%,2022-23,Rural,10501.0,MoSPI_Report590,Statement 4
95-100%,2022-23,Urban,20824.0,MoSPI_Report590,Statement 4
95-100%,2023-24,Rural,10137.0,MoSPI_Report592,Figure 1 & Fractile Table
95-100%,2023-24,Urban,20310.0,MoSPI_Report592,Figure 1 & Fractile Table
