month_year,base_year,sector,cpi_general,cpi_food_cfpi,inflation_general_pct,inflation_food_pct,release_status,source_id,table_ref
2025-01,2024=100,Rural,101.81,,,,Final,MoSPI_CPI_Release_Aug2026,Table 10 & Table 2 / Table 19
2025-01,2024=100,Urban,101.49,,,,Final,MoSPI_CPI_Release_Aug2026,Table 10 & Table 2 / Table 19
2025-01,2024=100,Combined,101.67,,,,Final,MoSPI_CPI_Release_Aug2026,Table 10 & Table 2 / Table 19
2025-02,2024=100,Rural,101.33,,,,Final,MoSPI_CPI_Release_Aug2026,Table 10 & Table 2 / Table 19
2025-02,2024=100,Urban,101.3,,,,Final,MoSPI_CPI_Release_Aug2026,Table 10 & Table 2 / Table 19
2025-02,2024=100,Combined,101.32,,,,Final,MoSPI_CPI_Release_Aug2026,Table 10 & Table 2 / Table 19
2025-03,2024=100,Rural,101.34,,,,Final,MoSPI_CPI_Release_Aug2026,Table 10 & Table 2 / Table 19
2025-03,2024=100,Urban,101.47,,,,Final,MoSPI_CPI_Release_Aug2026,Table 10 & Table 2 / Table 19
2025-03,2024=100,Combined,101.39,,,,Final,MoSPI_CPI_Release_Aug2026,Table 10 & Table 2 / Table 19
2025-04,2024=100,Rural,101.49,,,,Final,MoSPI_CPI_Release_Aug2026,Table 10 & Table 2 / Table 19
2025-04,2024=100,Urban,101.71,,,,Final,MoSPI_CPI_Release_Aug2026,Table 10 & Table 2 / Table 19
2025-04,2024=100,Combined,101.58,,,,Final,MoSPI_CPI_Release_Aug2026,Table 10 & Table 2 / Table 19
2025-05,2024=100,Rural,101.78,,,,Final,MoSPI_CPI_Release_Aug2026,Table 10 & Table 2 / Table 19
2025-05,2024=100,Urban,102.06,,,,Final,MoSPI_CPI_Release_Aug2026,Table 10 & Table 2 / Table 19
2025-05,2024=100,Combined,101.9,,,,Final,MoSPI_CPI_Release_Aug2026,Table 10 & Table 2 / Table 19
2025-06,2024=100,Rural,102.39,,,,Final,MoSPI_CPI_Release_Aug2026,Table 10 & Table 2 / Table 19
2025-06,2024=100,Urban,102.66,,,,Final,MoSPI_CPI_Release_Aug2026,Table 10 & Table 2 / Table 19
2025-06,2024=100,Combined,102.51,,,,Final,MoSPI_CPI_Release_Aug2026,Table 10 & Table 2 / Table 19
2025-07,2024=100,Rural,103.34,,,,Final,MoSPI_CPI_Release_Aug2026,Table 10 & Table 2 / Table 19
2025-07,2024=100,Urban,103.36,,,,Final,MoSPI_CPI_Release_Aug2026,Table 10 & Table 2 / Table 19
2025-07,2024=100,Combined,103.35,,,,Final,MoSPI_CPI_Release_Aug2026,Table 10 & Table 2 / Table 19
2025-08,2024=100,Rural,103.84,,,,Final,MoSPI_CPI_Release_Aug2026,Table 10 & Table 2 / Table 19
2025-08,2024=100,Urban,103.6,,,,Final,MoSPI_CPI_Release_Aug2026,Table 10 & Table 2 / Table 19
2025-08,2024=100,Combined,103.74,,,,Final,MoSPI_CPI_Release_Aug2026,Table 10 & Table 2 / Table 19
2025-09,2024=100,Rural,103.8,,,,Final,MoSPI_CPI_Release_Aug2026,Table 10 & Table 2 / Table 19
2025-09,2024=100,Urban,103.66,,,,Final,MoSPI_CPI_Release_Aug2026,Table 10 & Table 2 / Table 19
2025-09,2024=100,Combined,103.74,,,,Final,MoSPI_CPI_Release_Aug2026,Table 10 & Table 2 / Table 19
2025-10,2024=100,Rural,103.85,,,,Final,MoSPI_CPI_Release_Aug2026,Table 10 & Table 2 / Table 19
2025-10,2024=100,Urban,103.61,,,,Final,MoSPI_CPI_Release_Aug2026,Table 10 & Table 2 / Table 19
2025-10,2024=100,Combined,103.74,,,,Final,MoSPI_CPI_Release_Aug2026,Table 10 & Table 2 / Table 19
2025-11,2024=100,Rural,104.16,,,,Final,MoSPI_CPI_Release_Aug2026,Table 10 & Table 2 / Table 19
2025-11,2024=100,Urban,103.83,,,,Final,MoSPI_CPI_Release_Aug2026,Table 10 & Table 2 / Table 19
2025-11,2024=100,Combined,104.01,,,,Final,MoSPI_CPI_Release_Aug2026,Table 10 & Table 2 / Table 19
2025-12,2024=100,Rural,104.19,,,,Final,MoSPI_CPI_Release_Aug2026,Table 10 & Table 2 / Table 19
2025-12,2024=100,Urban,103.98,,,,Final,MoSPI_CPI_Release_Aug2026,Table 10 & Table 2 / Table 19
2025-12,2024=100,Combined,104.1,,,,Final,MoSPI_CPI_Release_Aug2026,Table 10 & Table 2 / Table 19
2026-01,2024=100,Rural,104.59,,2.73,,Final,MoSPI_CPI_Release_Aug2026,Table 10 & Table 2 / Table 19
2026-01,2024=100,Urban,104.28,,2.75,,Final,MoSPI_CPI_Release_Aug2026,Table 10 & Table 2 / Table 19
2026-01,2024=100,Combined,104.45,,2.74,,Final,MoSPI_CPI_Release_Aug2026,Table 10 & Table 2 / Table 19
2026-02,2024=100,Rural,104.74,,3.37,,Final,MoSPI_CPI_Release_Aug2026,Table 10 & Table 2 / Table 19
2026-02,2024=100,Urban,104.36,,3.02,,Final,MoSPI_CPI_Release_Aug2026,Table 10 & Table 2 / Table 19
2026-02,2024=100,Combined,104.57,,3.21,,Final,MoSPI_CPI_Release_Aug2026,Table 10 & Table 2 / Table 19
2026-03,2024=100,Rural,105.02,,3.63,,Final,MoSPI_CPI_Release_Aug2026,Table 10 & Table 2 / Table 19
2026-03,2024=100,Urban,104.62,,3.11,,Final,MoSPI_CPI_Release_Aug2026,Table 10 & Table 2 / Table 19
2026-03,2024=100,Combined,104.84,,3.4,,Final,MoSPI_CPI_Release_Aug2026,Table 10 & Table 2 / Table 19
2026-04,2024=100,Rural,105.28,,3.74,,Final,MoSPI_CPI_Release_Aug2026,Table 10 & Table 2 / Table 19
2026-04,2024=100,Urban,104.92,,3.16,,Final,MoSPI_CPI_Release_Aug2026,Table 10 & Table 2 / Table 19
2026-04,2024=100,Combined,105.12,,3.48,,Final,MoSPI_CPI_Release_Aug2026,Table 10 & Table 2 / Table 19
2026-05,2024=100,Rural,106.11,,4.25,,Final,MoSPI_CPI_Release_Aug2026,Table 10 & Table 2 / Table 19
2026-05,2024=100,Urban,105.66,,3.53,,Final,MoSPI_CPI_Release_Aug2026,Table 10 & Table 2 / Table 19
2026-05,2024=100,Combined,105.91,,3.93,,Final,MoSPI_CPI_Release_Aug2026,Table 10 & Table 2 / Table 19
2026-06,2024=100,Rural,107.24,,4.74,,Final,MoSPI_CPI_Release_Aug2026,Table 10 & Table 2 / Table 19
2026-06,2024=100,Urban,106.69,,3.93,,Final,MoSPI_CPI_Release_Aug2026,Table 10 & Table 2 / Table 19
2026-06,2024=100,Combined,107.0,,4.38,,Final,MoSPI_CPI_Release_Aug2026,Table 10 & Table 2 / Table 19
2026-07,2024=100,Rural,108.34,109.21,4.84,5.79,Final,MoSPI_CPI_Release_Aug2026,Table 10 & Table 2 / Table 19
2026-07,2024=100,Urban,107.45,109.7,3.96,5.05,Final,MoSPI_CPI_Release_Aug2026,Table 10 & Table 2 / Table 19
2026-07,2024=100,Combined,107.95,109.39,4.45,5.52,Final,MoSPI_CPI_Release_Aug2026,Table 10 & Table 2 / Table 19
2026-08,2024=100,Rural,109.27,110.7,5.23,6.13,Provisional,MoSPI_CPI_Release_Aug2026,Table 10 & Table 2 / Table 19
2026-08,2024=100,Urban,108.07,110.72,4.31,5.64,Provisional,MoSPI_CPI_Release_Aug2026,Table 10 & Table 2 / Table 19
2026-08,2024=100,Combined,108.74,110.71,4.82,5.95,Provisional,MoSPI_CPI_Release_Aug2026,Table 10 & Table 2 / Table 19
