category,broad_group,survey_round,sector,valuation,share_pct,source_id,table_ref
Beverages & Processed Food,Food,2022-23,Rural,Unimputed,9.62,MoSPI_Report590,Statement 5
Beverages & Processed Food,Food,2022-23,Urban,Unimputed,10.64,MoSPI_Report590,Statement 5
Beverages & Processed Food,Food,2022-23,Rural,Imputed,9.41,MoSPI_Report590,Statement 15
Beverages & Processed Food,Food,2022-23,Urban,Imputed,10.53,MoSPI_Report590,Statement 15
Beverages & Processed Food,Food,2023-24,Rural,Unimputed,9.84,MoSPI_Report592,"Figures 4, 5, 6, 7"
Beverages & Processed Food,Food,2023-24,Urban,Unimputed,11.09,MoSPI_Report592,"Figures 4, 5, 6, 7"
Milk & Milk Products,Food,2022-23,Rural,Unimputed,8.33,MoSPI_Report590,Statement 5
Milk & Milk Products,Food,2022-23,Urban,Unimputed,7.22,MoSPI_Report590,Statement 5
Milk & Milk Products,Food,2022-23,Rural,Imputed,8.14,MoSPI_Report590,Statement 15
Milk & Milk Products,Food,2022-23,Urban,Imputed,7.15,MoSPI_Report590,Statement 15
Milk & Milk Products,Food,2023-24,Rural,Unimputed,8.44,MoSPI_Report592,"Figures 4, 5, 6, 7"
Milk & Milk Products,Food,2023-24,Urban,Unimputed,7.19,MoSPI_Report592,"Figures 4, 5, 6, 7"
Vegetables,Food,2022-23,Rural,Unimputed,5.38,MoSPI_Report590,Statement 5
Vegetables,Food,2022-23,Urban,Unimputed,3.8,MoSPI_Report590,Statement 5
Vegetables,Food,2022-23,Rural,Imputed,5.26,MoSPI_Report590,Statement 15
Vegetables,Food,2022-23,Urban,Imputed,3.76,MoSPI_Report590,Statement 15
Vegetables,Food,2023-24,Rural,Unimputed,6.03,MoSPI_Report592,"Figures 4, 5, 6, 7"
Vegetables,Food,2023-24,Urban,Unimputed,4.12,MoSPI_Report592,"Figures 4, 5, 6, 7"
"Egg, Fish & Meat",Food,2022-23,Rural,Unimputed,4.91,MoSPI_Report590,Statement 5
"Egg, Fish & Meat",Food,2022-23,Urban,Unimputed,3.57,MoSPI_Report590,Statement 5
"Egg, Fish & Meat",Food,2022-23,Rural,Imputed,4.8,MoSPI_Report590,Statement 15
"Egg, Fish & Meat",Food,2022-23,Urban,Imputed,3.54,MoSPI_Report590,Statement 15
"Egg, Fish & Meat",Food,2023-24,Rural,Unimputed,4.92,MoSPI_Report592,"Figures 4, 5, 6, 7"
"Egg, Fish & Meat",Food,2023-24,Urban,Unimputed,3.56,MoSPI_Report592,"Figures 4, 5, 6, 7"
Cereals & Substitutes,Food,2022-23,Rural,Unimputed,4.91,MoSPI_Report590,Statement 5
Cereals & Substitutes,Food,2022-23,Urban,Unimputed,3.64,MoSPI_Report590,Statement 5
Cereals & Substitutes,Food,2022-23,Rural,Imputed,6.92,MoSPI_Report590,Statement 15
Cereals & Substitutes,Food,2022-23,Urban,Imputed,4.51,MoSPI_Report590,Statement 15
Cereals & Substitutes,Food,2023-24,Rural,Unimputed,4.99,MoSPI_Report592,"Figures 4, 5, 6, 7"
Cereals & Substitutes,Food,2023-24,Urban,Unimputed,3.76,MoSPI_Report592,"Figures 4, 5, 6, 7"
Fruits,Food,2022-23,Rural,Unimputed,3.71,MoSPI_Report590,Statement 5
Fruits,Food,2022-23,Urban,Unimputed,3.8,MoSPI_Report590,Statement 5
Fruits,Food,2022-23,Rural,Imputed,3.63,MoSPI_Report590,Statement 15
Fruits,Food,2022-23,Urban,Imputed,3.77,MoSPI_Report590,Statement 15
Fruits,Food,2023-24,Rural,Unimputed,3.85,MoSPI_Report592,"Figures 4, 5, 6, 7"
Fruits,Food,2023-24,Urban,Unimputed,3.87,MoSPI_Report592,"Figures 4, 5, 6, 7"
Edible Oil,Food,2022-23,Rural,Unimputed,3.59,MoSPI_Report590,Statement 5
Edible Oil,Food,2022-23,Urban,Unimputed,2.37,MoSPI_Report590,Statement 5
Edible Oil,Food,2022-23,Rural,Imputed,3.52,MoSPI_Report590,Statement 15
Edible Oil,Food,2022-23,Urban,Imputed,2.35,MoSPI_Report590,Statement 15
Edible Oil,Food,2023-24,Rural,Unimputed,2.77,MoSPI_Report592,"Figures 4, 5, 6, 7"
Edible Oil,Food,2023-24,Urban,Unimputed,1.82,MoSPI_Report592,"Figures 4, 5, 6, 7"
"Other Food Items (Pulses, Sugar, Spices)",Food,2022-23,Rural,Unimputed,5.93,MoSPI_Report590,Statement 5
"Other Food Items (Pulses, Sugar, Spices)",Food,2022-23,Urban,Unimputed,4.12,MoSPI_Report590,Statement 5
"Other Food Items (Pulses, Sugar, Spices)",Food,2022-23,Rural,Imputed,5.79,MoSPI_Report590,Statement 15
"Other Food Items (Pulses, Sugar, Spices)",Food,2022-23,Urban,Imputed,4.09,MoSPI_Report590,Statement 15
"Other Food Items (Pulses, Sugar, Spices)",Food,2023-24,Rural,Unimputed,6.2,MoSPI_Report592,"Figures 4, 5, 6, 7"
"Other Food Items (Pulses, Sugar, Spices)",Food,2023-24,Urban,Unimputed,4.27,MoSPI_Report592,"Figures 4, 5, 6, 7"
Conveyance / Transport,Non-Food,2022-23,Rural,Unimputed,7.55,MoSPI_Report590,Statement 5
Conveyance / Transport,Non-Food,2022-23,Urban,Unimputed,8.59,MoSPI_Report590,Statement 5
Conveyance / Transport,Non-Food,2022-23,Rural,Imputed,7.38,MoSPI_Report590,Statement 15
Conveyance / Transport,Non-Food,2022-23,Urban,Imputed,8.51,MoSPI_Report590,Statement 15
Conveyance / Transport,Non-Food,2023-24,Rural,Unimputed,7.59,MoSPI_Report592,"Figures 4, 5, 6, 7"
Conveyance / Transport,Non-Food,2023-24,Urban,Unimputed,8.46,MoSPI_Report592,"Figures 4, 5, 6, 7"
"Clothing, Bedding & Footwear",Non-Food,2022-23,Rural,Unimputed,6.1,MoSPI_Report590,Statement 5
"Clothing, Bedding & Footwear",Non-Food,2022-23,Urban,Unimputed,5.41,MoSPI_Report590,Statement 5
"Clothing, Bedding & Footwear",Non-Food,2022-23,Rural,Imputed,6.03,MoSPI_Report590,Statement 15
"Clothing, Bedding & Footwear",Non-Food,2022-23,Urban,Imputed,5.38,MoSPI_Report590,Statement 15
"Clothing, Bedding & Footwear",Non-Food,2023-24,Rural,Unimputed,6.63,MoSPI_Report592,"Figures 4, 5, 6, 7"
"Clothing, Bedding & Footwear",Non-Food,2023-24,Urban,Unimputed,5.66,MoSPI_Report592,"Figures 4, 5, 6, 7"
Durable Goods,Non-Food,2022-23,Rural,Unimputed,6.89,MoSPI_Report590,Statement 5
Durable Goods,Non-Food,2022-23,Urban,Unimputed,7.17,MoSPI_Report590,Statement 5
Durable Goods,Non-Food,2022-23,Rural,Imputed,6.79,MoSPI_Report590,Statement 15
Durable Goods,Non-Food,2022-23,Urban,Imputed,7.13,MoSPI_Report590,Statement 15
Durable Goods,Non-Food,2023-24,Rural,Unimputed,6.48,MoSPI_Report592,"Figures 4, 5, 6, 7"
Durable Goods,Non-Food,2023-24,Urban,Unimputed,6.87,MoSPI_Report592,"Figures 4, 5, 6, 7"
Medical Care,Non-Food,2022-23,Rural,Unimputed,7.13,MoSPI_Report590,Statement 5
Medical Care,Non-Food,2022-23,Urban,Unimputed,5.91,MoSPI_Report590,Statement 5
Medical Care,Non-Food,2022-23,Rural,Imputed,6.96,MoSPI_Report590,Statement 15
Medical Care,Non-Food,2022-23,Urban,Imputed,5.85,MoSPI_Report590,Statement 15
Medical Care,Non-Food,2023-24,Rural,Unimputed,6.83,MoSPI_Report592,"Figures 4, 5, 6, 7"
Medical Care,Non-Food,2023-24,Urban,Unimputed,5.85,MoSPI_Report592,"Figures 4, 5, 6, 7"
Fuel and Light,Non-Food,2022-23,Rural,Unimputed,6.66,MoSPI_Report590,Statement 5
Fuel and Light,Non-Food,2022-23,Urban,Unimputed,6.26,MoSPI_Report590,Statement 5
Fuel and Light,Non-Food,2022-23,Rural,Imputed,6.51,MoSPI_Report590,Statement 15
Fuel and Light,Non-Food,2022-23,Urban,Imputed,6.2,MoSPI_Report590,Statement 15
Fuel and Light,Non-Food,2023-24,Rural,Unimputed,6.11,MoSPI_Report592,"Figures 4, 5, 6, 7"
Fuel and Light,Non-Food,2023-24,Urban,Unimputed,5.59,MoSPI_Report592,"Figures 4, 5, 6, 7"
Misc. Goods & Entertainment,Non-Food,2022-23,Rural,Unimputed,6.21,MoSPI_Report590,Statement 5
Misc. Goods & Entertainment,Non-Food,2022-23,Urban,Unimputed,6.56,MoSPI_Report590,Statement 5
Misc. Goods & Entertainment,Non-Food,2022-23,Rural,Imputed,6.07,MoSPI_Report590,Statement 15
Misc. Goods & Entertainment,Non-Food,2022-23,Urban,Imputed,6.5,MoSPI_Report590,Statement 15
Misc. Goods & Entertainment,Non-Food,2023-24,Rural,Unimputed,6.22,MoSPI_Report592,"Figures 4, 5, 6, 7"
Misc. Goods & Entertainment,Non-Food,2023-24,Urban,Unimputed,6.92,MoSPI_Report592,"Figures 4, 5, 6, 7"
Education,Non-Food,2022-23,Rural,Unimputed,3.3,MoSPI_Report590,Statement 5
Education,Non-Food,2022-23,Urban,Unimputed,5.78,MoSPI_Report590,Statement 5
Education,Non-Food,2022-23,Rural,Imputed,3.23,MoSPI_Report590,Statement 15
Education,Non-Food,2022-23,Urban,Imputed,5.73,MoSPI_Report590,Statement 15
Education,Non-Food,2023-24,Rural,Unimputed,3.24,MoSPI_Report592,"Figures 4, 5, 6, 7"
Education,Non-Food,2023-24,Urban,Unimputed,5.97,MoSPI_Report592,"Figures 4, 5, 6, 7"
Consumer Services excl Conveyance,Non-Food,2022-23,Rural,Unimputed,5.08,MoSPI_Report590,Statement 5
Consumer Services excl Conveyance,Non-Food,2022-23,Urban,Unimputed,5.92,MoSPI_Report590,Statement 5
Consumer Services excl Conveyance,Non-Food,2022-23,Rural,Imputed,4.96,MoSPI_Report590,Statement 15
Consumer Services excl Conveyance,Non-Food,2022-23,Urban,Imputed,5.86,MoSPI_Report590,Statement 15
Consumer Services excl Conveyance,Non-Food,2023-24,Rural,Unimputed,5.25,MoSPI_Report592,"Figures 4, 5, 6, 7"
Consumer Services excl Conveyance,Non-Food,2023-24,Urban,Unimputed,5.72,MoSPI_Report592,"Figures 4, 5, 6, 7"
"Rent, Taxes & Other Non-Food",Non-Food,2022-23,Rural,Unimputed,4.7,MoSPI_Report590,Statement 5
"Rent, Taxes & Other Non-Food",Non-Food,2022-23,Urban,Unimputed,9.23,MoSPI_Report590,Statement 5
"Rent, Taxes & Other Non-Food",Non-Food,2022-23,Rural,Imputed,4.6,MoSPI_Report590,Statement 15
"Rent, Taxes & Other Non-Food",Non-Food,2022-23,Urban,Imputed,9.17,MoSPI_Report590,Statement 15
"Rent, Taxes & Other Non-Food",Non-Food,2023-24,Rural,Unimputed,4.61,MoSPI_Report592,"Figures 4, 5, 6, 7"
"Rent, Taxes & Other Non-Food",Non-Food,2023-24,Urban,Unimputed,9.26,MoSPI_Report592,"Figures 4, 5, 6, 7"
